{"cameraMode":{"drawMode":0,"name":"Shaded","section":"Shading Mode"},"sceneLighting":true,"audioPlay":false,"sceneViewState":{"showFog":true,"showMaterialUpdate":false,"showSkybox":true,"showFlares":true,"showImageEffects":true,"showParticleSystems":true},"in2DMode":false,"pivot":{"x":1.9886860847473145,"y":1.789070725440979,"z":0.9683252573013306},"rotation":{"x":0.4520251154899597,"y":0.36991387605667117,"z":-0.21352100372314454,"w":0.7831094264984131},"size":2.123655319213867,"orthographic":false}